04/XII/1988; /12/XII/1988,1 Tahun 2015,1 Tahun 2016,1 Tahun 2017,1 Tahun 2018,1 Tahun 2019,1 Tahun 2020,1 Tahun 2020,10 Tahun 2009,10 Tahun 2014,10 Tahun 2015,10 Tahun 2016,,,,,,,,,
"Surat Edaran Bersama Direktur Jenderal Pariwisata dan Kepala Kepolisian Republik Indonesia tentang Izin Penyelenggaraan Keramaian dan Pertunjukan Terbatas di Bidang Usaha Hotel, Restoran, Wisata Tirta dan Objek Wisata",Perubahan atas Peraturan Menteri Pariwisata Nomor 2 Tahun 2014 tentang Pelaanaan Pelayanan Terpadu Satu Pintu Bidang Pariwisata dan Ekonomi Kreatif di Badang Koordinasi Penanaman Modal,Penyelenggaraan Sertifikasi Usaha Pariwisata,Petunjuk Operasional Pengelolaan Dana Alokasi Khusus Fisik Bidang Pariwisata,Perubahan atas Peraturan Menteri Pariwisata Nomor 11 Tahun 2015 tentang Pemberlakuan Standar Kompetensi Kerja Nasional Indonesia Bidang Pariwisata,Pedoman Pengelolaan Kinerja Organisasi di Lingkungan Kementerian Pariwisata,Organisasi dan Tata Kerja Kementerian Pariwisata dan Ekonomi Kreatif/Badan Pariwisata dan Ekonomi Kreatif,Penyelenggaraan Kawasan Ekonomi Khusus,Kepariwisataan,Standar Usaha Kafe, Penyelenggaraan Pertemuan/Rapat di Luar Kantor di Lingkungan Kementerian Pariwisata,Pedoman Penyusunan Rencana Induk Pembangunan Kepariwisataan Provinsi dan Kabupaten/Kota,,,,,,,,,
10 Tahun 2017,10 Tahun 2018,10 Tahun 2019,10 Tahun 2019,10/II/88; 03/II/88,101 Tahun 1993,102 Tahun 1993,106 Tahun 2016,109 Tahun 2017,11 Tahun 2010,11 Tahun 2014,11 Tahun 2015,,,,,,,,,
Organisasi dan Tata Kerja Badan Pelaana Otorita Borobudur,Pelayanan Perizinan Berusaha Terintegrasi secara Elektronik Sektor Pariwisata,Manajemen Krisis Kepariwisataan,Honorarium Pegawai Di Lingkungan Badan Pelaana Otorita Borobudur,"Surat Edaran Bersama Direktur Jenderal Pariwisata dan Direktur Jenderal Bina Hubungan Ketenagakerjaan dan Pengawasan Norma Kerja tentang Petunjuk Pelaanaan Pemasangan dan Penggunaan Lift serta Penggunaan Boiler di Bidang Usaha Hotel, Restoran, Objek Wisata dan Wisata Tirta",Pendirian Sekolah Tinggi Pariwisata di Bandung,Pendirian Sekolah Tinggi Pariwisata di Nusa Dua Bali,Tunjangan Kinerja Pegawai di Lingkungan Kementerian Pariwisata,Honorarium Pegawai di Lingkungan Badan Pelaana Otorita Danau Toba,Cagar Budaya,Standar Usaha Restoran,Pemberlakuan Standar Kompetensi Kerja Nasional Indonesia Bidang Pariwisata,,,,,,,,,
11 Tahun 2016,11 Tahun 2017,11 Tahun 2018,11 Tahun 2019,11 Tahun 2019,110 Tahun 2015,12 Tahun 2014,12 Tahun 2015,12 Tahun 2016,12 Tahun 2017,12 Tahun 2018,12 Tahun 2019,,,,,,,,,
Pencabutan atas Peraturan Menteri Pariwisata dan Ekonomi Kreatif Nomor 2 Tahun 2014 tentang Pedoman Penyelenggaraan Usaha Hotel Syariah,Organisasi dan Tata Kerja Kementerian Pariwisata,Statuta Politeknik Pariwisata Medan,Standar Usaha Spa,Program Penyusunan Peraturan Pemerintah Tahun 2019,Usaha Wisata Agro Hortikultura,Standar Usaha Rumah Makan,Tugas Belajar dan Izin Belajar di Lingkungan Kementerian Pariwisata,Perubahan atas Peraturan Menteri Pariwisata Nomor 1 Tahun 2016 tentang Penyelenggaraan Sertifikasi Usaha Pariwisata,Pedoman Pengisian Jabatan Pimpinan Tinggi di Lingkungan Kementerian Pariwisata,Pengangkatan Dosen Tetap Non Pegawai Negeri Sipil Pada Perguruan Tinggi Pariwisata di Lingkungan Kementerian Pariwisata,Perubahan Kedua atas Peraturan Menteri Pariwisata dan Ekonomi Kreatif Nomor 53/001/2013 tentang Standar Usaha Hotel,,,,,,,,,
12 Tahun 2019,126 Tahun 2018,13 Tahun 2014,13 Tahun 2015,13 Tahun 2016,13 Tahun 2017,13 Tahun 2018,13 Tahun 2019,13 Tahun 2019,14 Tahun 2014,14 Tahun 2015,14 Tahun 2016,,,,,,,,,
Program Penyusunan Peraturan Presiden Tahun 2019,Tunjangan Kinerja Pegawai di lingkungan Kementerian Pariwisata,Standar Usaha Wisata Arung Jeram,Standar Usaha Jasa Pramuwisata,Organisasi dan Tata Kerja Badan Pelaana Otorita Danau Toba,Perubahan Kedua Atas Peraturan Menteri Pariwisata Nomor 22 Tahun 2015 Tentang Pelaanaan Kegiatan Dekonsentrasi Kementerian Pariwisata,Rencana Strategis Kementerian Pariwisata Tahun 2018-2019,Organisasi dan Tata Kerja Politeknik Pariwisata Bali,Cuti Bersama PNS Tahun 2019,Standar Usaha Angkutan Jalan Wisata,Pedoman Pengendalian Gratifikasi di Lingkungan Kementerian Pariwisata,Pedoman Destinasi Pariwisata Berkelanjutan,,,,,,,,,
14 Tahun 2018,14 TAHUN 2019,14/U/II/88,143 Tahun 2015,15 Tahun 1983,15 Tahun 2014,15 Tahun 2015,15 Tahun 2016,15 TAHUN 2019,15 Tahun 2019,15/II/93,15/U/II/88,,,,,,,,,
Perubahan Kedua Atas Peraturan Presiden Nomor 64 Tahun 2014 tentang Koordinasi Strategis Lintas Sektor Penyelenggaraan Kepariwisataan,Pengangkatan dan Pemberhentian Direktur Politeknik Pariwisata di Lingkungan Kementerian Pariwisata,Pelaanaan Ketentuan Usaha dan Penggolongan Hotel,Tunjangan Kinerja Pegawai di Lingkungan Kementerian Pariwisata,Kebijaanaan Pengembangan Kepariwisataan,Standar Usaha Wisata Selam,Organisasi dan Tata Kerja Politeknik Pariwisata Makassar,Selei Terbuka Pengisian Jabatan Pimpinan Tinggi Madya dan Pratama di Lingkungan Kementerian Pariwisata,Jadwal Retensi Arsip di Lingkungan Kementerian Pariwisata,Perubahan atas Undang-Undang Nomor 12 Tahun 2011 tentang Pembentukan Peraturan Perundang-Undangan,Pedoman Pembinaan Pramuwisata Khusus,Pelaanaan Ketentuan Usaha dan Penggolongan Restoran,,,,,,,,,
16 Tahun 2005,16 Tahun 2008,16 Tahun 2014,16 Tahun 2015,16 Tahun 2016,16 TAHUN 2019,17 Tahun 2014,17 Tahun 2015,17 Tahun 2016,17 Tahun 2019,18 Tahun 1994,18 Tahun 2014,,,,,,,,,
Kebijakan Pembangunan Kebudayaan dan Pariwisata,Perubahan Kedua atas Keputusan Presiden Nomor 18 Tahun 2003 tentang Bebas Visa Kunjungan Singkat,Standar Usaha Karaoke,Standar Usaha Gelanggang Renang,Statuta Politeknik Pariwisata Palembang,Pedoman Pelaanaan Teknis Kredit Usaha Rakyat Sektor Pariwisata,Standar Usaha Kawasan Pariwisata,Standar Usaha Gedung Pertunjukan Seni,Statuta Politeknik Pariwisata Lombok,Pencabutan atas Peraturan Menteri Kebudayaan dan Pariwisata Nomor 63/001/2009 tentang Pedoman Pelaanaan Tata Kearsipan di Lingkungan Departemen Kebudayaan dan Pariwisata,"Pengusahaan Pariwisata Alam di Zona Pemanfaatan Taman Nasional, Taman Hutan Raya dan Taman Wisata Alam",Standar Usaha Jasa Boga,,,,,,,,,
18 Tahun 2015,18 Tahun 2016,183 Tahun 2014,19 Tahun 2014,19 Tahun 2015,19 Tahun 2015.,19 Tahun 2016,2 Tahun 1972,2 Tahun 2015,2 Tahun 2016,2 Tahun 2017,2 Tahun 2018,,,,,,,,,
Standar Usaha Lapangan Tenis,Pendaftaran Usaha Pariwisata,"Pengesahan Persetujuan Antara Republik Indonesia dan Republik Portugal di Bidang Pendidikan, Ilmu Pengetahuan dan Teknologi, Kebudayaan, Pariwisata, Pemuda, Olahraga dan Media Massa (Coorporation Agreement Between The Republic of Indonesia and the Portugues Republic in the Field of Education, Science and Technology, Culture, Tourism, Youth, Sports and Mass Media)",Standar Usaha Jasa Konsultan Pariwisata,Standar Usaha Wisata Memancing,Kementerian Pariwisata,Pemberlakuan Wajib Sertifikasi Kompetensi di Bidang Pariwisata,Pengesahan Statues of The world Tourism Organization (Anggaran Dasar Organisasi Kepariwisataan Sedunia),Penanganan Pengaduan Masyarakat di Lingkungan Kementerian Pariwisata,"Tata Kerja, Persyaratan, Serta Tata Cara Pengangkatan dan Pemberhentian Unsur Penentu Kebijakan Badan Promosi Pariwisata Indonesia","Pedoman Tempat Penyelenggaraan Kegiatan (Venue) Pertemuan, Perjalanan Insentif, Konvensi, dan Pameran",Tata Cara Penyusunan Kerja Sama di Lingkungan Kementerian Pariwisata,,,,,,,,,
2 Tahun 2019,2 Tahun 2020,20 Tahun 2014,20 Tahun 2015,20 Tahun 2016,20 Tahun 2019,204/TS/050/4/1989; 47/004/89,21 Tahun 2014,21 Tahun 2015,21 Tahun 2016,22 Tahun 2011,22 Tahun 2014,,,,,,,,,
Tata Cara Penyelesaian Kerugian Negara Terhadap Pegawai Negeri Bukan Bendahara di Lingkungan Kementerian Pariwisata,Pedoman Teknis Pengembangan Geopark Sebagai Destinasi Pariwisata,Standar Usaha Diskotik,Standar Usaha Panti Pijat,Perubahan atas Peraturan Menteri Pariwisata Nomor 22 Tahun 2015 tentang Pelaanaan Kegiatan Dekonsentrasi Kementerian Pariwisata,Anggaran Pendapatan dan Belanja Negara Tahun Anggaran 2020,"Keputusan Bersama Menteri Pertanian dan Menteri Pariwisata, Pos dan Telekomunikasi tentang Koordinasi Pengembangan Wisata Agro",Standar Usaha Kelab Malam,Standar Usaha Sanggar Seni,Hasil Pemetaan Urusan Pemerintah dan Pedoman Nomenklatur Perangkat Daerah Bidang Pariwisata,Badan Promosi Pariwisata Indonesia,Standar Usaha Pub,,,,,,,,,
22 Tahun 2015,22 Tahun 2016,23 Tahun 2014,23 Tahun 2015,24 Tahun 1979,24 Tahun 2014,24 Tahun 2015,24 Tahun 2019,24/ts-II/89;  1/209/89,25 Tahun 2014,25 Tahun 2015,26 Tahun 2014,,,,,,,,,
Pelaanaan Kegiatan Dekonsentrasi Kementerian Pariwisata,Pelaanaan Pemberian Tunjangan Kinerja Bagi Pegawai di Lingkungan Kementerian Pariwisata,Standar Usaha Bar/Rumah Minum, Penggunaan Dana Alokasi Khusus Sub Bidang Pariwisata,Penyerahan Sebagian Urusan Pemerintahan dalam Bidang Kepariwisataan Kepada Daerah Tingkat I,Standar Usaha SPA,Standar Usaha Bumi Perkemahan,Ekonomi Kreatif,"Keputusan Bersama Menteri Kehutanan dan Menteri Pariwisata, Pos dan Telekomunikasi tentang Peningkatan Koordinasi dalam Pemanfaatan Obyek Wisata Alam di Kawasan Hutan dan Taman Wisata Laut",Standar Usaha Jasa Informasi Pariwisata,standar usaha motel,Standar Usaha Jasa Impresariat/Promotor,,,,,,,,,
26 Tahun 2015,27 Tahun 2014,27 Tahun 2015,28 Tahun 2014,28 Tahun 2015,29 Tahun 2014,29 Tahun 2015,3 Tahun 1983,3 Tahun 1989,3 Tahun 2015,3 TAHUN 2015,3 Tahun 2016,,,,,,,,,
Standar Usaha Rumah Bilyar,Standar Usaha Taman Rekreasi,Standar Usaha Pengelolaan Pemandian Air Panas Alami,"Standar Usaha Jasa Penyelenggaraan Pertemuan, Perjalanan Insentif, Konferensi, dan Pameran",Standar Usaha Pusat Penjualan Makanan,Standar Usaha Vila,Rencana Strategis Kementerian Pariwisata Tahun 2015-2019,Keringanan Pajak Pembangunan I dan Retribusi Izin Membangun Hotel di Daerah Tujuan Wisata,Tahun Kunjungan Wisata Indonesia 1991,Tata Cara Penanganan Pengaduan Internal di Lingkungan Kementerian Pariwisata,PANITIA NASIONAL PENYELENGGARA KONFERENSI TINGKAT TINGGI ASIA AFRIKA TAHUN 2015 DALAM RANGKA PERINGATAN KE-60 KONFERENSI ASIA AFRIKA DAN PERINGATAN KE-10 NEW ASIAN-AFRICAN STRATEGIC PARTNERSHIP,Statuta Politeknik Pariwisata Makassar,,,,,,,,,
3 Tahun 2017,3 Tahun 2018,3 Tahun 2019,3 Tahun 2020,30 Tahun 1969,30 Tahun 2014,30 Tahun 2019,31 Tahun 2014,32 Tahun 2018,32 Tahun 2019,33 Tahun 2009,33 Tahun 2009',,,,,,,,,
Pelaanaan Pelayanan Terpadu Satu Pintu Bidang Pariwisata di Badan Koordinasi Penanaman Modal,Petunjuk Operasional Pengelolaan Dana Alokasi Khusus Fisik Bidang Pariwisata,Pelaanaan Pemberian Tunjangan Kinerja Bagi Pegawai di Lingkungan Kementerian Pariwisata,Pendelegasian Kewenangan Perizinan Berusaha Sektor Pariwisata Kepada Kepala Badan Koordinasi Penanaman Modal,Pengembangan Kepariwisataan Nasional,Standar Usaha Arena Permainan,Penilaian Kinerja Pegawai Negeri Sipil,Indikator Kinerja Utama di Lingkungan Kementerian Pariwisata dan Ekonomi Kreatif,Badan Otorita Pengelola Kawasan Pariwisata Labuan Bajo Flores,Pelaanaan Kampanye Pencitraan Indonesia,Perfilman,Hari Batik Nasional,,,,,,,,,
33 Tahun 2012,39 Tahun 1986,39 Tahun 2018,39 Tahun 2019,4 Tahun 1982,4 Tahun 2005,4 Tahun 2015,4 Tahun 2016,4 Tahun 2017,4 Tahun 2018,4 Tahun 2019,4 Tahun 2020,,,,,,,,,
Jaringan Dokumentasi dan Informasi Hukum Nasional,Perubahan Keputusan Presiden Nomor 15 Tahun 1983,Pelaanaan Undang-Undang Nomor 9 Tahun 2010 tentang Keprotokolan,Satu Data Indonesia,Ketentuan-Ketentuan Pokok Pengelolaan Lingkungan Hidup,Tarif atas Jenis Penerimaan Negara Bukan Pajak yang berlaku pada Departemen Kebudayaan dan Pariwisata,Penanganan Benturan Kepentingan di Lingkungan Kementerian Pariwisata,Organisasi Dan Tata Kerja Politeknik Pariwisata Palembang,Perubahan atas Peraturan Menteri Pariwisata Nomor 3 Tahun 2017 tentang Pelaanaan Pelayanan Terpadu Satu Pintu Bidang Pariwisata di Badan Koordinasi Penanaman Modal,Pencabutan Atas Peraturan Menteri Pariwisata dan Ekonomi Kreatif Nomor 106/006/2011 tentang Sistem Manajemen Pengamanan Hotel, Penggunaan Dana Alokasi Khusus Nonfisik Dana Pelayanan Kepariwisataan,Statuta Politeknik Pariwisata Bali,,,,,,,,,
40 Tahun 2017,409/K.08/2019,41 Tahun 2010,41 Tahun 2018,44 Tahun 2001,45 Tahun 1992,46 Tahun 1988,46 tahun 2017,47/001/94,48 Tahun 1983,49 Tahun 2016,5 Tahun 1984,,,,,,,,,
Perubahan Atas Peraturan Presiden Nomor 64 Tahun 2014 tentang Koordinasi Strategis Lintas Sektor Penyelenggaraan Kepariwisataan,Pembentukan Komite Penugasan Khusus Epor Tahun 2019,Janis dan Tarif atas Jenis Penerimaan Negara Bukan Pajak yang berlaku pada Kementerian Kebudayaan dan Pariwisata,Jenis dan Tarif atas Penerimaan Negara Bukan Pajak yang berlaku pada Kementerian Pariwisata,Tarif atas Jenis Penerimaan Negara Bukan Pajak yang berlaku pada Departemen Kebudayaan dan Pariwisata,Penyelenggaraan Otonomi Daerah dengan Titik Berat pada Daerah Tingkat II,Perubahan Keputusan Presiden Nomor 15 Tahun 1983 Sebagaimana Telah Diubah dengan Keputusan Presiden Nomor 39 Tahun 1986 tentang Kebijaanaan Pengembangan Kepariwisataan,Badan Otorita Pengelola Kawasan Pariwisata Borobudur,Organisasi dan Tata Kerja Sekolah Tinggi Pariwisata di Bandung,"Penanganan Khusus Penataan Ruang dan Penertiban Serta Pengendalian Pembangunan pada Kawasan Pariwisata Puncak dan Wilayah Jalur Jalan Jakarta-Bogor-Puncak-Cianjur di Luar Wilayah Daerah Khusus Ibukota Jakarta, Kotamadya Bogor, Kota Administratip Depok, Kota Cianjur dan Kota Cibinong",Badan Otorita Pengelola Kawasan Pariwisata Danau Toba,Pedoman Penyederhanaan dan Pengendalian Perizinan di Bidang Usaha,,,,,,,,,
5 Tahun 2014,5 Tahun 2015,5 Tahun 2016,5 Tahun 2017,5 Tahun 2018,5 Tahun 2019,5 Tahun 2020,50 Tahun 2011,50 Tahun 2016,51 Tahun 1993,52 Tahun 2012,54 Tahun 1988,,,,,,,,,
Pedoman Penyelenggaraan Perjalanan Wisata Pengenalan,Penyesuaian Nomenklatur Pada Peraturan Menteri Pariwisata dan Ekonomi Kreatif,Organisasi Dan Tata Kerja Politeknik Pariwisata Lombok,"Pedoman Destinasi Penyelenggaraan Pertemuan, Perjalanan Insentif, Konvensi, dan Pameran",Jaringan Dokumentasi dan Informasi Hukum di Lingkungan Kementerian Pariwisata,Petunjuk Operasional Pengelolaan Dana Alokasi Khusus Fisik Bidang Pariwisata,Pedoman Pengelolaan Sampah Plastik di Destinasi Wisata Bahari,Rencana Induk Pembangunan Kepariwisataan Nasional 2010-2025,Pemberian Penghargaan Kepariwisataan,Analisis Mengenai Dampak Lingkungan,Sertifikasi Kompetensi dan Sertifikasi Usaha,Pengesahan Agreement on the Establisent of the ASEAN Tourism Information Center,,,,,,,,,
56 Tahun 2019,6 Tahun 1988,6 Tahun 1993,6 Tahun 2009,6 Tahun 2014,6 Tahun 2015,6 Tahun 2016,6 Tahun 2017,6 Tahun 2018,6 Tahun 2018,6 Tahun 2019,60 Tahun 1992,,,,,,,,,
Perubahan atas Peraturan Pemerintah Nomor 39 Tahun 2018 tentang Pelaanaan Undang-Undang Nomor 9 Tahun 2010 tentang Keprotokolan,Koordinasi Kegiatan Instansi Vertikal di Daerah,Pemungutan Pajak Pembangunan I dan Retribusi Izin Membangun Hotel di Daerah Tujuan Wisata,Pengembangan Ekonomi Kreatif,Perubahan Atas Peraturan Menteri Pariwisata dan Ekonomi Kreatif Nomor 53/001/2013,Organisasi dan Tata Kerja Kementerian Pariwisata,Penyelenggaraan Sistem Pengendalian Intern Pemerintah Di Lingkungan Kementerian Pariwisata,Kurikulum Berbasis Kompetensi Program Pendidikan Tinggi di Lingkungan Kementerian Pariwisata,Perubahan atas Peraturan Menteri Pariwisata Nomor 6 Tahun 2016 tentang Penyelenggaraan Sistem Pengendalian Internal Pemerintah di Lingkungan Kementerian Pariwisata,Rencana Ai Nasional Pencegahan dan Pemberantasan Penyalahgunaan dan Peredaran Gelap Narkotika dan Prekursor Narkotika Tahun 2018-2019,Pelayanan Informasi Publik di Lingkungan Kementerian Pariwisata,Dekade Kunjungan Indonesia,,,,,,,,,
61 Tahun 2017,63 Tahun 2014,63 Tahun 2019,64 Tahun 2014,67 Tahun 1996,67 Tahun 2019,68 Tahun 2019,68 Tahun 2019,69 Tahun 2015,69 Tahun 2019,7 Tahun 1987,7 Tahun 2008,,,,,,,,,
Pengesahan Agreement on the Establisent of the Regional Secretariat for the Implementation of the ASEAN Mutual Recognition Arrangement on Tourism Professionals (Persetujuan tentang Pembentukan Sekretariat Regional untuk Pelaanaan Pengaturan saling Pengakuan Tenaga Profesional Pariwisata ASEAN),Pengawasan dan Pengendalian Kepariwisataan,Investasi Pemerintah,Koordinasi Strategis Lintas Sektor Penyelenggaraan Kepariwisataan,Penyelenggaraan Kepariwisataan,Penataan Tugas dan Fungsi Kementerian Negara Kabinet Indonesia Maju Periode Tahun 2019-2024,Organisasi Kementerian Negara,Kawasan Ekonomi Khusus Singhasari,Bebas Visa Kunjungan,Kementerian Pariwisata dan Ekonomi Kreatif,Penyederhanaan Perizinan dan Retribusi di Bidang Usaha Pariwisata,Dekonsentrasi dan Tugas Pembantuan,,,,,,,,,
7 Tahun 2014,7 Tahun 2015,7 Tahun 2015.,7 Tahun 2016,7 Tahun 2017,7 Tahun 2018,7 Tahun 2019,70 Tahun 2019,71 Tahun 2019,76 Tahun 2011,77 Tahun 2011,79 Tahun 2011,,,,,,,,,
Perubahan Atas Peraturan Menteri Pariwisata dan Ekonomi Kreatif Nomor 1 Tahun 2014 tentang Penyelenggaraan Sertifikasi Usaha Pariwisata,Standar Usaha Lapangan Golf,Organisasi Kementerian Negara,Pedoman Penyelenggaraan Wisata Selam Rekreasi,Pedoman Pemantauan dan Evaluasi Pelaanaan Program dan Kegiatan di Lingkungan Kementerian Pariwisata,Organisasi dan Tata Kerja Badan Pelaana Otorita Labuan Bajo Flores,Pencabutan atas Peraturan Menteri Pariwisata Nomor 12 Tahun 2018 tentang Pengangkatan Dosen Tetap Nonpegawai Negeri Sipil pada Perguruan Tinggi Pariwisata di Lingkungan Kementerian Pariwisata,Badan Pariwisata dan Ekonomi Kreatif,Kementerian Koordinator Bidang Kemaritiman dan Investasi,Perubahan atas Peraturan Presiden Nomor 47 Tahun 2009 tentang Pembentukan dan Organisasi Kementerian Negara,Perubahan Kedua atas Peraturan Presiden Nomor 47 Tahun 2009 tentang Pembentukan dan Organisasi Kementerian Negara,Kunjungan Kapal Wisata (Yacht) Asing ke Indonesia,,,,,,,,,
8 Tahun 1995,8 Tahun 2014,8 Tahun 2015,8 Tahun 2016,8 Tahun 2017,8 Tahun 2018,8 Tahun 2019,8 Tahun 2019,83 tahun 2018,85 Tahun 2013,9 Tahun 1969,9 Tahun 1990,,,,,,,,,
Penyerahan Sebagian Urusan Pemerintahan Kepada 26 (Dua Puluh Enam) Daerah Tingkat II Percontohan,Perubahan Atas Peraturan Menteri Pariwisata dan Ekonomi Kreatif Nomor 4 Tahun 2014 tentang Standar Usaha Jasa Perjalanan Wisata,Standar Usaha Wisata Perahu Layar,Pencabutan Keputusan Menteri Pariwisata dan Kesenian Nomor 10/2000 tentang Usaha Jasa Manajemen Hotel Jaringan Internasional,Tata Cara Pembentukan Peraturan Menteri di Lingkungan Kementerian Pariwisata,Organisasi dan Tata Kerja Politeknik Pariwisata Medan,Pengenaan Tarif atas Jenis Penerimaan Negara Bukan Pajak Berupa Kamar Hotel Praktik Berdasarkan Kondisi Tertentu Pada Perguruan Tinggi Pariwisata di Lingkungan Kementerian Pariwisata,Penyelenggaraan Ibadah Haji dan Umrah,Penanganan Sampah Laut,Tunjangan Kinerja Pegawai di Lingkungan Kementerian Pariwisata dan Ekonomi Kreatif,Pedoman dalam Melaanakan Kebijaanaan Pemerintah dalam Membina Pengembangan Kepariwisataan Nasional,Kepariwisataan,,,,,,,,,
9 Tahun 2014,9 Tahun 2015,9 TAHUN 2015,9 Tahun 2016,9 Tahun 2017,9 Tahun 2018,9 Tahun 2018,9 Tahun 2019,92 Tahun 2011,93 Tahun 2017,96 Tahun 2019,97 Tahun 2019,,,,,,,,,
Standar Usaha Pondok Wisata,Kriteria dan/atau Persyaratan Pemanfaatan Fasilitas Pajak Penghasilan Untuk Penanaman Modal di Bidang Usaha Kawasan Pariwisata,JENIS DAN TARIF ATAS JENIS PENERIMAAN NEGARA BUKAN PAJAK YANG BERLAKU PADA KEMENTERIAN PARIWISATA,Pencabutan Peraturan Menteri Kebudayaan dan Pariwisata tentang Penetapan Destinasi Pariwisata Unggulan,Penyampaian Laporan Harta Kekayaan Penyelenggara Negara di Lingkungan Kementerian Pariwisata,Pedoman Tata Naskah Dinas di Lingkungan Kementerian Pariwisata,Penerimaan Negara Bukan Pajak,Standar Pelayanan Publik di Lingkungan Kementerian Pariwisata,"Perubahan Kedua Atas Peraturan Presiden Nomor 24 Tahun 2010 tentang Kedudukan, Tugas, dan Fungsi Kementerian Negara Serta Susunan Organisasi, Tugas, dan Fungsi Eselon I Kementerian Negara",Perubahan atas Peraturan Presiden Nomor 19 Tahun 2015 tentang Kementerian Pariwisata,Kementerian Pariwisata dan Ekonomi Kreatif,Badan Pariwisata dan Ekonomi Kreatif,,,,,,,,,
02/001/2004,2/703/89,01/V/1992,07/III/90,07/U/II/91,100/I/92,101/I/92,102/I/92,103/II/92,14/IV/93,16/U/II/88,339/1998,,,,,,,,,
Tugas dan Fungsi Sekolah Tinggi Pariwisata dan Akademi Pariwisata di Lingkungan Kementerian Kebudayaan dan Pariwisata,Penyelenggaraan Pertunjukan/Peragaan/Pergelaran Seni Budaya Indonesia di Tempat Usaha-Usaha Pariwisata,Pembentukan Komisi Penilai Kegiatan Hiburan,Lencana Pramuwisata dan Pengatur Wisata,Klasifikasi Biro Perjalanan Umum,Pelaanaan Ketentuan Usaha Jasa Impresariat,Pelaanaan Ketentuan Usaha Jasa Informasi Pariwisata,Pelaanaan Ketentuan Usaha Jasa Konsultan Pariwisata,"Pelaanaan Ketentuan Usaha Jasa Konvensi, Perjalanan Insentif dan Pameran",Petunjuk Pelaanaan Ketentuan Usaha Jasa Konsultan Pariwisata,Pelaanaan Ketentuan Usaha Perjalanan,Biro Perjalanan Wisata Penyelenggara Perjalanan Wisatawan Lanjut Usia Mancanegara,,,,,,,,,
36/II/95,1/2000,012/IV/2001,016/V/2001,02/VIII/1991,Feb-99,Feb-00,Apr-99,May-00,06/III/2000,07/III/2000,Aug-00,,,,,,,,,
Persyaratan Biro Perjalanan Wisata Sebagai Penyelenggaraan Wisatawan RRC yang Berkunjung ke Indonesia,"Pencabutan Keputusan Menteri Pariwisata, Pos dan Telekomunikasi Nomor 57/102/96 tentang Usaha Penyediaan Akomodasi bagi Waktu",Pedoman Umum Perizinan Usaha Pariwisata,Susunan Personalia Kelompok Penasehat MPI,Ketentuan Pelaanaan Pemandu Keselamatan Wisatawan,Organisasi dan Tata Kerja Staf Menteri Negara Pariwisata dan Kesenian,Tata Cara Tetap Pelaanaan Administrasi Keuangan dan Pembangunan Kantor Menteri Negara Pariwisata dan Kesenian,Pelimpahan Wewenang Pemberian Izin Usaha Pariwisata Kepada Ketua Otorita Pengembangan Daerah Industri Pulau Batam,Pendelegasian Wewenang dan Pemberian Kuasa Mutasi Kepegawaian Bagi Pegawai Negeri Sipil di Lingkungan Kantor Menteri Negara Pariwisata dan Kesenian Disertai Contoh Tandatangan dan Parafnya,"Penyesuaian Nomenklatur Pada Keputusan Menteri Pariwisata, Seni dan Budaya","Penetapan Status Golongan Rumah Negara pada Kantor Wilayah Kantor Menteri Negara Pariwisata dan Kesenian Propinsi DI. Aceh, Sumatera Barat, Riau, Sumatera Selatan, Lampung, Jawa Tengah, D.I. Yogyakarta, Jawa Timur, NTB, NTT, Kalimantan Barat, Kalimantan Selatan, Kalimantan Timur, Maluku dan Irian Jaya",Pembentukan Panitia Penyelenggara Pasar Wisata Indonesia (Tourism Indonesia Mart) 2000,,,,,,,,,
Oct-00,Oct-00,11/IV/91,Dec-00,13/2000,13/2000,14/2000,14/1999,15/VII/2000,16/IX/2000,16/VII/2000,17/U/II/88,,,,,,,,,
Usaha Jasa Manajemen Hotel Jaringan Internasional,Usaha Jasa Manajemen Hotel Jaringan Internasional,Pelaanaan Ketentuan Kunjungan Kapal Wisata Asing dan Kapal Pesiar Asing ke Perairan Indonesia,Badan Pertimbangan Jabatan dan Kepangkatan di Lingkungan Kantor Menteri Negara Pariwisata dan Kesenian,Penetapan Visi dan Misi Pariwisata dan Kesenian Indonesia,Penetapan Visi dan Misi Pariwisata dan Kesenian Indonesia,Pedoman Sebagai Biro Perjalanan Wisata Penyelenggara Wisatawan RRC yang Berkunjung ke Indonesia,"Pelimpahan Wewenang Pemberian Izin Penggunaan Tenaga Kerja Warga Negara Asing Pendatang di Bidang Usaha Pariwisata Kepada Kepala Kantor Wilayah Departemen Pariwisata, Seni dan Budaya",Pembubaran Lembaga Keselamatan dan Kesehatan Kerja (K3) Sektor Parpostel,Penyelenggaraan Gelar Wacana Nasional Budaya dan Pariwisata Tahun 2000,Perubahan Keputusan Menteri Negara Pariwisata dan Kesenian Nomor 02/1999 tentang Organisasi dan Tata Kerja Staf Menteri Negara Pariwisata dan Kesenian,Pelaanaan Ketentuan Usaha Wisata Tirta,,,,,,,,,
17/U/IV/89,18/U/II/88,19/2000,21/XI/2000,22/XI/2000,233/1998,24/XII/2000,253/1998,27/1999,28/1999,281/1998,38/1999,,,,,,,,,
Pedoman Pembinaan Pramuwisata dan Pengatur Wisata,Pelaanaan Ketentuan Usaha Obyek Wisata,Penyelenggaraan Forum Konsultasi dan Koordinasi Pengembangan Kebudayaan dan Pariwisata,Masyarakat Pariwisata Indonesia (MPI),Pembentukan Tim Koordinasi Pemberian Kemudahan Kunjungan Wisata Ke Indonesia,"Logo Departemen Pariwisata, Seni dan Budaya",Keanggotaan MPI,Pendirian dan Pengoperasian Kantor Promosi Pariwisata Asing (PA) di Indonesia,Pengusahaan Objek dan Daya Tarik Wisata yang Mempunyai Ciri Kelokalan dan Keaslian,Penetapan Satwa Nasional Komodo sebagai Maskot Pariwisata Indonesia,"Penyesuaian Nomenklatur pada Keputusan Menteri Pariwisata, Pos dan Telekomunikasi yang Mengatur Bidang Pariwisata",Pelimpahan Wewenang Pemberian Izin Usaha Pariwisata Kepada Ketua Badan Pengelola Pengembangan Pulau Natuna,,,,,,,,,
42/1999,03/001/04,04/001/2004,05/001/2012,06/001/2012,09/501/2001,1/001/03,1/001/2002,10/403/2002,10/102/93,101/101/2017,102/ 105/1993,,,,,,,,,
"Perubahan atas Keputusan Menteri Pariwisata, Seni dan Budaya Nomor 15/1999 tentang Tata Cara Tetap Pelaanaan Administrasi Keuangan dan Pembangunan di Lingkungan Departemen Pariwisata, Seni dan Budaya",Kelompok Kerja Pelaanaan Kegiatan Pengembangan Pulau-Pulau Kecil untuk Pariwisata,Perubahan atas Keputusan Menteri Negara Kebudayaan dan Pariwisata Nomor 21/001/2003 tentang Organisasi dan Tata Kerja Kantor Menteri Negara Kebudayaan dan Pariwisata,Pembentukan dan Struktur Organisasi Layanan Pengadaan Barang/Jasa secara Elektronik Kementerian Pariwisata dan Ekonomi Kreatif,Pembentukan dan Struktur Organisasi Unit Layanan Pengadaan Kementerian Pariwisata dan Ekonomi Kreatif,Persyaratan Biro Perjalanan Wisata Penyelenggara Kunjungan Wisatawan RRC Ke Indonesia,Pembentukan Kelompok Kerja Pendukung Penyelengaraan Pemulihan Kepariwisataan Nasional,"Pembentukan Panitia Penyelenggara Konferensi Tahunan Pata (Pata Annual Conference), Tahun 2003 di Bali",Badan Pertimbangan Jabatan dan Kepangkatan di Lingkungan Kementerian Kebudayaan dan Pariwisata,Ketentuan Usaha Biro Perjalanan Wisata dan Agen Perjalanan Wisata,Kegiatan Yang Dilaanakan melalui Dekonsentrasi Pada Kementerian Pariwisata Tahun Anggaran 2018,"Pemberian Tanda Penghargaan di Bidang Pariwisata, Pos dan Telekomunikasi",,,,,,,,,
103/201/91,104/110/2012,104/105/89,104/304/91,105/304/91,106/506/92,106/001/91,107/107/91,108/703/91,11/107/2002,112/102/96,116/102/97,,,,,,,,,
Usaha Jasa Impresariat,Penunjukan Pejabat Pelaana Anggaran Tahun 2012 pada Unit Pelaana Teknis (UPT) di Lingkungan Kementerian Pariwisata dan Ekonomi Kreatif,"Perubahan Pasal 6 Keputusan Menteri Pariwisata, Pos dan Telekomunikasi Nomor 74/105/85 tentang Peraturan Usaha Pondok Wisata",Ketentuan Usaha Bar,Usaha Jasa Pramuwisata,Tambahan atas Service Charge Hotel dan Restoran untuk Pengembangan dan Peningkatan Pelayanan Kepariwisataan,Usaha Jasa Informasi Pariwisata,Usaha Jasa Konsultan Pariwisata,"Ketentuan Usaha Jasa Konvensi, Perjalanan Insentif dan Pameran",Kelompok Kerja Pemberian Tanda Kehormatan di Bidang Kebudayaan,Usaha Jasa Manajemen Hotel Jaringan Internasional,"Hubungan Kerja antara Direktorat Jenderal Pos dan Telekomunikasi dengan Kantor Wilayah Departemen Pariwisata, Pos dan Telekomunikasi, Penyelenggara Jasa Pos dan Telekomunikasi, Asosiasi di Bidang Pos dan Telekomunikasi, Instansi Terkait dan Pemerintah Daerah",,,,,,,,,
117/101/97,118/107/91,120/301/97,121/107/91,126/001/2017,128/001/2012,128/001/2018,13/105/2002,13/001/2018,13/102/93,139/004/89; 0712a/U/1989; 70 Tahun 1989,14/603/2003,,,,,,,,,
"Pemanfaatan Pengadaan Barang/Jasa pada Proyek Pemerintah di Lingkungan Departemen Pariwisata, Pos dan Telekomunikasi untuk Pengusaha Kecil/Golongan Ekonomi Lemah (GEL) dan Koperasi","Program Kaderisasi Pegawai Negeri Sipil Departemen Pariwisata, Pos dan Telekomunikasi","Petunjuk Pelaanaan Tukar Menukar Barang Milik/Kekayaan Negara di Lingkungan Departemen Pariwisata, Pos dan Telekomunikasi","Pembinaan Karier Pegawai Negeri Sipil di Lingkungan Departemen Pariwisata, Pos dan Telekomunikasi",Perubahan atas Keputusan Menteri Pariwisata Nomor 126/001/2015 tentang Road Map Reformasi Birokrasi Kementerian Pariwisata 2015-2019,Pembentukan Tim Fasilitasi Pembentukan Badan Perfilman Indonesia,Review Manajement di Lingkungan Kementerian Pariwisata,Pemberian Hadiah Seni,Tim Pelaana Calender of Events 2018 Kementerian Pariwisata,Ketentuan Usaha Sarana Wisata Tirta,"Keputusan Bersama Menteri Pariwisata, Pos dan Telekomunikasi, Menteri Pendidikan dan Kebudayaan, dan Menteri Dalam Negeri tentang Pembinaan dan Pengembangan Objek Wisata Budaya",Atasan Langsung Pemimpin Proyek/Pemimpin Bagian Proyek di Lingkungan Kementerian Kebudayaan dan Pariwisata,,,,,,,,,
14/001/MRP/02,142/001/2018,149/203/2018,15/107/02,153/001/2018,156/001/2018,159/001/2018,161/107/2018,161/00.01/2019,162/304/2018,17/502/2002,17/001/2018,,,,,,,,,
"Perubahan Susunan Panitia Penyelenggara Konperensi Tahunan Pata (Pata Annual Conference), Tahun 2003 di Bali",Logo Wonderful Indonesia dan Logo Pesona Indonesia,Kelebihan Beban Mengajar Dosen Tetap pada Perguruan Tinggi Pariwisata di Lingkungan Kementerian Pariwisata,Pemberian Penghargaan Adikarya Pariwisata,Indikator Kinerja Utama di Lingkungan Kementerian Pariwisata,Agen Perubahan di Lingkungan Kementerian Pariwisata,Klasifikasi Arsip di Lingkungan Kementerian Pariwisata,Pemenang Lomba Win Way ASN Award dan Win Way Artefak di Lingkungan Kementerian Pariwisata,Perubahan atas Keputusan Menteri Pariwisata Nomor 1/001/2019 tentang Tim Pelaana Calendar of Events 2019 Kementerian Pariwisata,Penetapan 100 Wonderful Evens dan Top 10 National Events sebagai Calender of Events Kementerian Pariwisata Tahun 2019,Pendelegasian Wewenang Penjatuhan Hukuman Disiplin Pegawai di Lingkungan Kementerian Kebudayaan dan Pariwisata,Tim Pelaana Harian Pada Tim Koordinasi Strategis Lintas Sektor Penyelenggaraan Kepariwisataan,,,,,,,,,
17/001/95,17/003/83,170/00/2019,175/00.01/2019,176/00.01/2019,177/00.02/2019,18/001/2011,18/001/2018,182/03/2019,19/1015/2002,19/105/83,19/107/04,,,,,,,,,
"Pembentukan Panitia Nasional dan Panitia Daerah Penyelenggaraan ASEAN Tourism Forum 1996 di Surabaya, Indonesia","Pelimpahan Wewenang Pemberian Izin Usaha di Bidang Pariwisata, Pos dan Telekomunikasi Dalam Rangka Penanaman Modal Kepada Ketua Badan Koordinasi Penanaman Modal",Standar Pelayanan Minimum Badan Pelaana Otorita Danau Toba,Tim Percepatan Penyelenggaraan Reformasi Birokrasi di Lingkungan Kementerian Pariwisata Tahun 2019,Agen Perubahan di Lingkungan Kementerian Pariwisata Tahun 2019,Kegiatan yang Dilaanakan Melalui Dekonsentrasi pada Kementerian Pariwisata Tahun Anggaran 2019,Program Nasional Pemberdayaan Masyarakat (PNPM) Mandiri Pariwisata,Perubahan Atas Keputusan Menteri Pariwisata Nomor 94/001/2017 tentang Satuan Tugas Percepatan Pelaanaan Berusaha Kementerian Pariwisata,Tim Co-Branding Wonderful Indonesia,Pendelegasian Wewenang Pemberian Cuti Pegawai Negeri Sipil di Lingkungan Kementerian Kebudayaan dan Pariwisata,"Jenis, Syarat-syarat, Prosedur dan Waktu Pelaanaan Pemberian Tanda Penghargaan",Pemberian Penghargaan di Lingkungan Kementerian Kebudayaan dan Pariwisata,,,,,,,,,
19/00.02/2019,2/001/M02,2/001/03,2/801/93,206/00.03/2019,21/103/88,21/109/2002,21/001/92,21/001/95,22/308/02,23/1013/02,23/001/91,,,,,,,,,
Patokan Harga Satuan Barang di Lingkungan Kementerian Pariwisata Tahun Anggaran 2019,Pedoman Pelaanaan Kegiatan Operasional dan Pembangunan Kebudayaan dan Pariwisata di Lingkungan Kementerian Kebudayaan dan Pariwisata dan Badan Pengembangan Kebudayaan dan Pariwisata,Pembentukan Satuan Tugas Pendukung Pelaanaan Sistem Keamanan Daerah Pariwisata,Pengukuhan Penggantian dan Penambahan Pengurus Badan Promosi Pariwisata Indonesia (BPPI),Rincian dan Lokasi Kegiatan Dana Alokasi Khusus Fisik Bidang Pariwisata Tahun Anggaran 2019,Pelimpahan Wewenang Pemberian Izin Sementara Usaha Pariwisata dan Pemberian Izin Tetap Usaha Pariwisata Dalam Rangka Penanaman Modal Asing (PMA) dan Penanaman Modal Dalam Negeri (PMDN) Kepada Ketua Badan Koordinasi Penanaman Modal,Penunjukan Pejabat Pengambil Sumpah/Janji Pegawai Negeri Sipil dan Jabatan Struktural di Lingkungan Kementerian Kebudayaan dan Pariwisata,Pembentukan Kelompok Kerja Tetap Pembinaan dan Pengembangan Cenderamata,Pembentukan Panitia Penyelenggara Pasar Wisata Indonesia (Tourism Indonesia Mart) 1995,Pemberian Kuasa untuk Menandatangani Surat Pemberitahuan Kenaikan Gaji Berkala Pegawai Negeri Sipil di Lingkungan Kementerian Kebudayaan dan Pariwisata,Pendelegasian Wewenang Mengenai Penolakan/Pemberian Izin Perkawinan dan Perceraian Bagi Pegawai Negeri Sipil di Lingkungan Kementerian Kebudayaan dan Pariwisata,Maskot Tahun Kunjungan Indonesia 1991,,,,,,,,,
23/001/91,24/001/02,241/00.01/2019,25/403/2001,25/001/2013,25/001/98,25/208/M02,26/ 1013/2001,26/501/87,27/001/02,27/202/04,28/404/2001,,,,,,,,,
Maskot Tahun Kunjungan Indonesia 1991,Pembentukan Pengurus Pembina Rohani Kristen di Lingkungan Kementerian Kebudayaan dan Pariwisata dan Badan Pengembangan Kebudayaan dan Pariwisata Periode Tahun 2002-2005,Pemberian Insentif Kepada Airlines atau Wholesaler untuk Meningkatkan Kunjungan Wisatawan Mancanegara Tahun 2019,Badan Pertimbangan Jabatan dan Kepangkatan di Lingkungan Dapartemen Kebudayaan dan Pariwisata,Perubahan atas Keputusan Menteri Pariwisata dan Ekonomi Kreatif Nomor 24/PS.101/2012 tentang Klinik Konsultasi Inspektorat Jenderal (Counseling Partner) di Lingkungan Kementerian Pariwisata dan Ekonomi Kreatif,Pemanfaatan Tempat Rehat dan Layanan Wisata (Rest Area),Penyelenggaraan Seminar dan Lokakarya Nasional Pembangunan Berwawasan Budaya,Pendelegasian Wewenang Mengenai Penolakan/Pemberian Izin Perkawinan dan Perceraian Bagi Pegawai Negeri Sipil di Lingkungan Departemen Kebudayaan dan Pariwisata,Pengaturan Pungutan Biaya Pendidikan Pada Balai Pendidikan dan Latihan Pariwisata di Bandung dan di Nusa Dua Bali,"Pembinaan dan Pengembangan Koperasi, Usaha Kecil dan Menengah di Bidang Kebudayaan dan Pariwisata",Pedoman Penyelenggaraan Promosi Kebudayaan dan Pariwisata di Lingkungan Kementerian Kebudayaan dan Pariwisata,Pendelegasian Wewenang dan Pemberian Kuasa Mutasi Kepegawaian bagi Pegawai Negeri Sipil di Lingkungan Departemen Kebudayaan dan Pariwisata Disertai Contoh Tanda Tangan dan Parafnya,,,,,,,,,
28/603/2003,29/001/02,3/001/M02,3/001/85,3/003/86,30/110/2000,30/603/05,304/05.02/2019,306/07/2019,307/07/2019,31/1013/2002,31/001/03,,,,,,,,,
Atasan Langsung Pemimpin Proyek/Pemimpin Bagian Proyek E Badan Pengembangan Kebudayaan dan Pariwisata,Tata Cara Pelaanaan Pengamanan dan Ketertiban di Lingkungan Kementerian Kebudayaan dan Pariwisata,Penggolongan Kelas Hotel,"Perubahan atas Keputusan Menteri Pariwisata, Pos dan Telekomunikasi Nomor 81/001/84 tentang Badan Pengembangan Pariwisata Nasional","Perizinan Usaha di Bidang Pariwisata, Pos dan Telekomunikasi",Pemberian Kuasa untuk Menandatangani Surat Pemberitahuan Kenaikan Gaji Berkala Pegawai Negeri Sipil di Lingkungan Kementerian Kebudayaan dan Pariwisata,"Perubahan Keputusan Menteri Kebudayaan dan Pariwisata Nomor 08/603/05 tentang Penunjukan Pejabat Kuasa Pengguna Anggaran/Pengguna Barang, Pejabat yang melakukan tindakan yang mengakibatkan Pengeluaran Anggaran Belanja, Pejabat yang Bertugas Melakukan Pengujian dan Perintah Pembayaran, Bendahara Pengeluaran untuk Melaanakan Tugas Kebendaharaan dalam rangka Pelaanaan Anggaran Belanja T",Pemenang Lomba Anugerah Pewarta Indonesia Dalam Kegiatan Apresiasi Media Cetak dan Elektronik Tahun 2019,Petunjuk Pelaanaan Tata Kearsipan Di Lingkungan Kementerian Pariwisata,Petunjuk Pelaanaan Sistem Klasifikasi Keamanan dan Aes Arsip Dinamis di Lingkungan Kementerian Pariwisata,Penetapan Wajib Lapor Kekayaan Bagi Pejabat di Lingkungan Kementerian Kebudayaan dan Pariwisata,Susunan Organisasi dan Kepanitiaan Tim Orkestra dan Paduan Suara Nasional â€œGita Bahana Nusantaraâ€ Tahun 2003,,,,,,,,,
32/107/2003,32/209/2012,33/001/2003,33/101/2012,33/303/2004,34/001/2002,35/304/04,35/001/2001,35/001/93,36/204/2003,37/107/2018,39/107/2004,,,,,,,,,
Penghargaan di Bidang Seni,Penetapan Penerima Tunjangan Profesi Dosen di Lingkungan Kementerian Pariwisata dan Ekonomi Kreatif,Penyempurnaan Panitia Pengarah Kongres Kebudayaan V,Patokan Harga Satuan Barang di Lingkungan Kementerian Pariwisata dan Ekonomi Kreatif,Museum,Pedoman Pelaanaan Tata Naskah Dinas di Lingkungan Kementerian Kebudayaan dan Pariwisata,Penunjukan Penyelenggara Festival Film Indonesia,Penyesuaian Nomenklatur Pada Keputusan Menteri Kebudayaan dan Pariwisata Yang Mengatur Bidang Kebudayaan dan Pariwisata,Pengukuhan Pengurus Assosiasi Rumah makan Indonesia (ARMI) Periode 1993-1998,"Penyelenggaraan Upacara Mengenang Tragedi Nasional Akibat Pengkhianatan Terhadap Pancasila Tahun 2003, dan Pembentukan Panitia",Penetapan Banyuwangi Sebagai Kota Festival Terbaik Nasional,Pemberian Penghargaan Kepada Individu atau Kelompok Peduli Tradisi,,,,,,,,,
39/001/2012,39/001/2018,4/404/03,4/001/2002,4/001/93,4/208/89,40/1015/M04,40/001/2018,40/001/2018,40/001/2018,42/006/03,43/407/2012,,,,,,,,,
Tim Koordinasi Pelaanaan Peraturan Presiden Nomor 79 Tahun 2011 tentang Kunjungan Kapal Wisata (Yacht) Asing ke Indonesia,Perubahan Atas Keputusan Menteri Pariwisata Nomor 61/001/2015 Tentang Unit Akuntansi Instansi Kementerian Pariwisata,Perubahan Keputusan Menteri Kebudayaan dan Pariwisata Nomor 20//404/2002 tentang Pendelegasian Wewenang dan Pemberian Kuasa Mutasi Kepegawaian Bagi Pegawai Negeri Sipil di Lingkungan Kementerian Kebudayaan dan Pariwisata Disertai Contoh Tandatangan dan Parafnya,Kelompok Kerja Penyusunan Rencana Pembangunan Tahunan Nasional (Repetanas) 2003 Kebudayaan dan Pariwisata,Pembentukan Panitia Penyelenggara Konferensi Internasional Kupu-Kupu 1993,Pedoman Penyelenggaraan Konsultasi Wilayah Tujuan Wisata,Pendelegasian Wewenang Pemberian Cuti Pegawai Negeri Sipil di Lingkungan Kementerian Kebudayaan dan Pariwisata,Logo Tourism Indonesia dan Logo Pariwisata Halal Indonesia,Logo Halal Tourism Indonesia dan Logo Pariwisata Halal Indonesia,Logo Halal Tourism Indonesia dan Logo Pariwisata Halal Indonesia,Penunjukan  Tribina Dinar Kencana sebagai Pelaana Pekerjaan Strategi Promosi Pariwisata Indonesia â€œMedia Centerâ€,Pelimpahan Sebagian Wewenang Penggunaan Barang Milik Negara kepada Pejabat Eselon I dan Kepala Unit Pelaana Teknis di Lingkungan Kementerian Pariwisata dan Ekonomi Kreatif untuk dan atas nama Menteri Pariwisata dan Ekonomi Kreatif,,,,,,,,,
43/501/03,48/001/94,48/PB.201/91,49/001/95,5/105/2002,5/001/2003,5/209/89,50/006/2004,50/001/92,51/001/91,51/001/92,52/601/89,,,,,,,,,
Kewenangan Wajib dan Standar Pelayanan Minimal Bidang Kesenian,Organisasi dan Tata Kerja Sekolah Tinggi Pariwisata di Nusa Dua Bali,Pedoman Umum Pembangunan Sarana dan Prasarana Kepariwisataan,"Perubahan Lampiran Keputusan Menteri Pariwisata, Pos, dan Telekomunikasi Nomor 17/001/95 tentang Pembentukan Panitia Nasional dan Panitia Daerah Penyelenggaraan ASEAN Tourism Forum 1996 di Surabaya, Indonesia",Pemberian Penghargaan Kepada Sineas Muda Perfilman Indonesia yang Berprestasi Dalam Rangka Hari Film Nasional,Penyelenggaraan Rapat Koordinasi Kebudayaan dan Pariwisata Tahun 2003,Pedoman Penyelenggaraan Sapta Pesona,Pembentukan Panitia Pengarah Pengusulan Keris Sebagai Warisan Budaya Dunia,"Penetapan Sydney sebagai Tempat Kedudukan Pusat Promosi Pariwisata Indonesia untuk Kawasan Australia, New Zealand, Papua New Guinea dan Negara-Negara Pacific Selatan",Pembentukan Komisi Koordinasi Pembinaan dan Pengembangan Obyek dan Daya Tarik Wisata Budaya Tingkat Pusat,"Penetapan London sebagai Tempat Kedudukan Pusat Promosi Pariwisata Indonesia untuk Kawasan Inggris, Irlandia, Benelux dan Scandinavia",Penyelenggaraan Kampanye Nasional Sadar Wisata,,,,,,,,,
52/703/91,52/407/2012,53/001/2004,55/001/2003,55/007/04,56/007/04,57/703/90,57/107/2004,57/102/96,58/107/2004,58/202/85,59/107/04,,,,,,,,,
Penyelenggaraan Pameran Surat Mas Raja-Raja dan Naskah-Naskah Nusantara,Pelimpahan Wewenang kepada Pejabat Eselon I di Lingkungan Kementerian Pariwisata dan Ekonomi Kreatif untuk dan atas nama Menteri Pariwisata dan Ekonomi Kreatif Menyerahkan dan/atau Menandatangani Naskah Hibah dan Berita Acara Serah Terima Barang Milik Negara,Penarikan Peredaran Film Berjudul â€œBuruan Cium Gueâ€,Organisasi dan Tata Kerja Galeri Nasional Indonesia,Kewenangan Wajib dan Standar Pelayanan Minimal Bidang Nilai Budaya,Kewenangan Wajib dan Standar Pelayanan Minimal Bidang Peninggalan Sejarah dan Purbakala,Penyelenggaraan Pameran Akbar Pariwisata Indonesia 1990,Pernyataan Prestasi Kerja yang Luar Biasa Baiknya,Usaha Penyediaan Akomodasi Bagi Waktu,"Pemberian Penghargaan Inovasi Kepariwisataan Indonesia Kepada Individu atau Kelompok, Organisasi Maupun Badan Usaha di Bidang Pariwisata",Promosi Pariwisata Daerah,Penetapan Pemberian Penghargaan Kepada Juru Pelihara Benda Cagar Budaya/Situs,,,,,,,,,
59/001/93,59/002/85,59/001/92,6/001/M2002,60/001/91,60/001/92,61/001/92,62/105/87,62/301/91,62/001/92,63/001/92,64/001/94,,,,,,,,,
Pembentukan Panitia Tingkat Nasional Sidang Umum ke 10 World Tourism Organization dan Konferensi Internasional Human Resources Development,Peraturan Usaha Kawasan Pariwisata,Penetapan Tokyo sebagai Tempat Kedudukan Pusat Promosi Pariwisata Indonesia Untuk Kawasan Jepang dan Korea,Pembentukan Panitia Pengarah Nasional Penyelenggaraan Konferensi The First Pata Sustainable Tourism Conference 2002,Pembentukan Kelompok Kerja Penyiapan Pinjaman Komersial Luar Negeri,"Penetapan Frankfurt sebagai Tempat Kedudukan Pusat Promosi Pariwisata Indonesia untuk Kawasan Jerman, Perancis, Italia, Swiss, Australia dan Spanyol","Penetapan Singapore sebagai Tempat Kedudukan Pusat Promosi Pariwisata Indonesia untuk Kawasan ASEAN, Vietnam, Kamboja dan Laos",Pemberian Tanda Penghargaan di Bidang Pariwisata,"Tukar Menukar Tanah/Bangunan (Ruilslag) Antara Departemen Pariwisata, Pos dan Telekomunikasi dengan Perumtel",Penetapan Taipei sebagai Tempat Kedudukan Pusat Promosi Pariwisata Indonesia untuk Kawasan Taiwan dan Hongkong,"Penetapan Los Angeles sebagai Tempat Kedudukan Pusat Promosi Pariwisata Indonesia Untuk Kawasan Amerika Serikat, Canada dan Mexico",Pembentukan Clearing House Pelayanan Perizinan Penyelenggaraan Kegiatan Konvensi di Indonesia,,,,,,,,,
65/001/90,66/501/04,67/001/85,67/001/2004,68/001/92,68B/105/87,69/304/85,7/001/2002,70/105/85,70/304/89,71/001/94,71/105/85,,,,,,,,,
Pembentukan Panitia Nasional Tahun Kunjungan Wisata Indonesia 1991,Pedoman Umum Usaha Jasa Impresariat,Penambahan Keanggotaan dalam Badan Pengembangan Pariwisata Nasional,Pedoman Umum Pengembangan Pariwisata di Pulau-Pulau Kecil,Pembentukan Kepanitiaan Triathlon Tingkat Nasional 1992,Kriteria dan Tata Cara Pemberian Tanda Penghargaan di Bidang Pariwisata,Peraturan Usaha dan Penggolongan Losmen,Penyelenggaraan Rapat Kerja Kebudayaan dan Pariwisata Tahun 2002,Peraturan Usaha Rekreasi dan Hiburan Umum,"Perubahan Istilah Losmen, Pasal 22, dan Pasal 24 Keputusan Menteri Pariwisata, Pos dan Telekomunikasi Nomor 69/304/85 tentang Peraturan Usaha dan Penggolongan Losmen",Pembentukan Panitia Sidang Umum International Congress and Convention Association (ICCA) ke - 33 Tahun 1994 (Indonesian Host Committe),"Peraturan Usaha dan Penggolongan Pekemahan Menteri Pariwisata, Pos dan Telekomunikasi",,,,,,,,,
72/105/85,73/001/91,73/105/85,74/105/85,75/506/94,75/304/85,78/001/87,79/001/97,79/001/94,8/001/2002,81/001/84,82/102/88,,,,,,,,,
Mandala Wisata,Perubahan Lampiran Keputusan Menteri Parpostel Nomor 137/001/91 tentang Pengukuhan Organisasi dan Dewan Pimpinan Pusat Asosiasi Wisata Alam dan Margasatwa Republik Indonesia (DPP-Asosiasi Wisatwari) Masa Bhakti 1 Desember 1994,Peraturan Usaha Rumah Makan,Peraturan Usaha Pondok Wisata,"Pungutan Biaya Pendidikan pada Sekolah Tinggi Pariwisata (STP) Bandung dan Nusa Dua Bali Departemen Pariwisata, Pos dan Telekomunikasi",Peraturan Usaha Penginapan Remaja,Penambahan Keanggotaan Pengurus Harian Badan Pengembangan Pariwisata Nasional,Pembentukan Panitia Penyelenggara Pasar Wisata Indonesia (Tourism Indonesia Mart) 1997,"Sistem Jaringan Dokumentasi dan Informasi Hukum (SJDI Hukum) di Lingkungan Departemen Pariwisata, Pos dan Telekomunikasi",Kelompok Kerja Peninjauan Kembali Rencana Strategis Kebudayaan dan Pariwisata 2000-2004,Badan Pengembangan Pariwisata Nasional,Pramuwisata dan Pengatur Wisata,,,,,,,,,
82/001/91,84/102/88,85/209/88,86/209/88,87/108/88,87/001/2018,89/101/88,9/001/2002,9/102/93,90/403/2018,90/001/88,93/506/92,,,,,,,,,
"Pengembangan Sistem Informasi Manajemen Pariwisata, Pos dan Telekomunikasi (SIM Parpostel) Tahap Penataan Konsolidasi dan Pementapan",Klasifikasi Golongan Usaha Perjalanan,Ketentuan Usaha Kapal Pesiar,Ketentuan Kunjungan Kapal Wisata Asing dan Kapal Pesiar Asing,Ketentuan Pelaanaan Pelimpahan Wewenang Pemberian Izin Sementara Usaha Pariwisata dan Pemberian Izin Tetap Usaha Pariwisata Dalam Rangka Penanaman Modal Asing (PMA) dan Penanaman Modal Dalam Negeri (PMDN) Kepada Ketua Badan Koordinasi Penanaman Modal,Pedoman Pelaanaan Budaya Kerja Wonderful Indonesia Way (WIN WAY) di Lingkungan Kementerian Pariwisata,Pemandu Keselamatan Wisatawan,Pembentukan Tim Penyelenggara Penayangan Acara â€œ24 Heures a Jakartaâ€ oleh TV5 - Perancis,Usaha Jasa Boga,Jabatan Pelaana di Lingkungan Kementerian Pariwisata,Pedoman Umum Pembinaan dan Pengembangan Wisata Remaja,Biaya Masuk Taman Wisata Candi Borobudur dan Taman Wisata Candi Prambanan,,,,,,,,,
94/103/87,94/001/94,95/103/87,95/001/94,96/209/2018,97/103/87,97/001/90,98/702/91,98/.001/94,98/102/87,11/007/03,12/007/03,,,,,,,,,
Ketentuan Usaha dan Penggolongan Hotel,Pedoman Teknis Penyusunan Analisis Mengenai Dampak Lingkungan Bidang Pariwisata,Ketentuan Usaha dan Penggolongan Restoran,Pedoman Teknis Penyusunan Upaya Pengelolaan Lingkungan dan Upaya Pemantauan Lingkungan Bidang Pariwisata,Pemberian Insentif kepada Airlines atau Wholesalers untuk Meningkatkan Kunjungan Wisatawan Mancanegara Tahun Anggaran 2018,Ketentuan Usaha Wisata Tirta,Penetapan Sapta Kebijakan Parpostel Menyongsong Era Tinggal Landas,"Majalah Media Informasi Pariwisata, Pos dan Telekomunikasi",Produi Resmi dalam Kegiatan Promosi Pariwisata Nasional,Ketentuan Usaha Obyek Wisata,"Penetapan Gereja Tua Simpangan, Masjid Tua Bungku, Komple Megalitik Padang Pokekea, Istana Raja Mori, Bekas Istana Raja Banggai, yang Berlokasi di Wilayah Propinsi Sulawesi Tengah sebagai Benda Cagar Budaya dan/atau Situs yang Dilindungi Undang-Undang Republik Indonesia Nomor 5 Tahun 1992","Penetapan Keraton Boroko, Istana Manganitu, Benteng Amurang, Gereja Tua GMIM, dan Masjid Ar-Raan Bulila yang Berlokasi di Wilayah Propinsi Sulawesi Utara sebagai Benda Cagar Budaya dan/atau Situs yang Dilindungi Undang-Undang Republik Indonesia Nomor 5 Tahun 1992",,,,,,,,,
13/304/03,7/007/03,8/007/03,-0.01071309,0103.01 TAHUN 1986; 39/ 702/86,0203.01 Tahun 1986; 40/ 702/86,Number 14 of 2016, 14/PERMEN-/2016, 47/Permen-/2016, 1 Tahun 2014, 2 Tahun 2014, 3 Tahun 2014,,,,,,,,,
Komite Nasional Indonesia untuk Olimpiade Kebudayaan,"Penetapan Masjid Tua Banua Halat, Rumah Adat Bubungan Tinggi Habirau, Rumah Adat Banjar, Masjid Suada, dan Komple Makam Sultan Suriansyah, yang Berlokasi di Wilayah Propinsi Kalimantan Selatan sebagai Benda Cagar Budaya dan/atau Situs yang Dilindungi Undang-Undang Republik Indonesia Nomor 5 Tahun 1992","Penetapan Benteng Baadia, Benteng Keraton Buton (Benteng Walio), Benteng Bengkudu, Komple Gua Prasejarah Pulau Muna, dan Masjid Agung Keraton Buton yang Berlokasi di Wilayah Propinsi Sulawesi Tenggara sebagai Benda Cagar Budaya dan/atau Situs yang Dilindungi Undang-Undang Republik Indonesia Nomor 5 Tahun 1992","Ketentuan Usaha Perjalanan Menteri Pariwisata, Pos dan Telekomunikasi","Keputusan Bersama Menteri Kehakiman dan Menteri Pariwisata, Pos dan Telekomunikasi tentang Pengaturan Penyelenggaraan Kunjungan Pemegang Paspor Taiwan ke Indonesia","Keputusan Bersama Menteri Kehakiman dan Menteri Pariwisata, Pos dan Telekomunikasi tentang Pengaturan Penyelenggaraan Kunjungan Pemegang Certificate of Identity (C.I.) Hongkong ke Indonesia",Guidelines For Sustainable Tourism Destination,Kriteria dan Katagori Kawasan Konservasi Perairan untuk Pariwisata Alam Perairan,Pemanfaatan Kawasan Konservasi Perairan,Pelaanaan Kegiatan Dekonsentrasi dan Tugas Pembantuan pada Kementerian Pariwisata,Pelaanaan Pelayanan Terpadu Satu Pintu Bidang Pariwisata dan Ekonomi Kreatif di Badan Koordinasi Penanaman Modal,Pedoman Penyelenggaraan dan Partisipasi Pameran Pariwisata,,,,,,,,,
 4 Tahun 2014, 1 Tahun 2014, 2 Tahun 2014, 3 Tahun 2014, 4 Tahun 2014,2016,2017,01/001/2008,01/201/2013,01/104/2012,01/007/2010,02/007/2010,,,,,,,,,
Perubahan Keenam Atas Peraturan Menteri Kebudayaan dan Pariwisata Nomor 55/204/2008 tentang Pemenfaatan Jasa Teknik Film Dalam Negeri Dalam Kegiatan Pembuatan dan Pengadaan Film Nasional Serta Penggandaan Film Impor,Penyelenggaraan Sertifikasi Usaha Pariwisata,Pedoman Penyelenggaraan Usaha Hotel Syariah,Pedoman Penyelesaian Kerugian Negara di Lingkungan Kementerian Pariwisata dan Ekonomi Kreatif,Standar Usaha Jasa Perjalanan Wisata,Tata Cara Pendaftaran Usaha Pariwisata, KEGIATAN SOSIALISASI BRANDING PESONA INDONESIA,Penyesuaian Nomenklatur Keputusan Menteri Penerangan Nomor : 217/MENPEN/1994 tentang Tata Kerja Badan Pertimbangan Perfilman Nasional,Tata Cara Pembentukan Peraturan Perundang-Undangan di Lingkungan Kementerian Pariwisata dan Ekonomi Kreatif,Pengadaan Barang/Jasa Pemerintah Secara Elektronik di Lingkungan Kementerian Pariwisata dan Ekonomi Kreatif,"Penetapan Istana Maimoon, Masjid,Masjid Azizi, Rumah Dinas Walikota Medan, Rumah Tjong Afie, Stasiun Kereta Api Binjai, Komple Makam Kesultanan Langkat, Gedung Kerapatan Sultan Langkat/Museum Daerah Kabupaten Langkat, Gedung Pusat Avros/B PPS, dan Mas","Penetapan Batu Goong Citaman, Situs Patapan, Gedung BPKD (Badan Pengelola Keuangan Daerah) Kab. Serang, Gedung Juang 45, Pulau Sanghyang, Stasiun Kereta Api Serang, Pendopo Kabupaten Pandeglang, Menara Air, Masjid Caringin, Rumah Benjol, Kantor Yayasan Ma",,,,,,,,,
03/007/2010,04/007/2010,04/001/2008,05/007/2010,06/007/2010,07/107/2011,07/001/2012,07/007/2010,07/001/2013,08/502/2011,08/007/2010,09/007/2010,,,,,,,,,
"Penetapan Pasar Johar, Kawasan Laweyan, Candi Asu, Candi Lumbung, Candi Pendem, Keraton Kesunanan, Komple Masjid Ciptomulyo, Umbul Pengging, Komple Petirtaan Cabean Kunti, dan Situs Menggung Yang Berlokasi di Wilayah Provinsi Jawa Tengah Sebagai Benda","Penetapan Gedung Sate, Museum Geologi, Gedung Dwi Warna, Kantor Pos Besar, Gedung Bank Mandiri (E. Bank Dagang Negara), Gedung Asuransi Jiwasraya, Gedung Bank Mandiri (E. Bank Exim), Hotel Savoy Homann, Gedung PLN Distribusi Jawa Barat, Gedung Harian",Sadar Wisata,"Penetapan Gedung Sekolah Rajo (SMU 2), Gedung Kandepdikbud, Komple Kantor Polres Agam, Komple Kantor Kodim Agam, Tugu Manggopoh, Gedung SMP I, Gereja Katholik, Rumah Bekas Kepala Stasiun Kereta Api, Gereja Protestan, Villa Oepang-oepang, Hotel Centrum","Penetapan Puri Agung Kesiman yang Berlokasi di Wilayah Provinsi Bali sebagai Benda Cagar Budaya, Situs, atau Kawasan Cagar Budaya yang Dilindungi Undang-undang Nomor 5 Tahun 1992 tentang Benda Cagar Budaya",Pedoman Penyelenggaraan Pelatihan Berbesis Kompetensi di Sektor Pariwisata,Organisasi dan Tata Kerja Kementerian Pariwisata dan Ekonomi Kreatif,"Penetapan Gedung Bank BNI 46, Gedung SMP Negeri 6, Gedung Kantor Pos Besar, Kelenteng Poncowinatan (Kranggan), Gedung Bank Indonesia, Gereja Santo Antonius, Gedung SMU Negeri 3, Komple Gedung Kepatihan, Gedung Museum Sasmitaloka, Gedung SMP Negeri I, Ge",Pedoman Pelaanaan Sistem Akuntabilitas Kinerja di Lingkungan Kementerian Pariwisata dan Ekonomi Kreatif,Kode Etik Peneliti di Lingkungan Kementerian Kebudayaan dan Pariwisata,"Penetapan Situs dan Bangunan Rumah/Markas Gerilya Angkatan Perang Republik Indonesia (APRI) Panglima Besar Jendral Soedirman di Kabupaten Pacitan, Provinsi Jawa Timur sebagai Benda Cagar Budaya, Situs, atau Kawasan Cagar Budaya yang Dilindungi Undang-unda","Penetapan Komple Ke'te Kessu, Londa, Kuburan Batu dan Rumah Adat Lemo, Rante Karassik, Tongkonan Buntu Pune, Pekuburan Palatokke, Rante Buntu Mengkepe, Rante Alla Parinding, Bori Parinding, Komple Perkempungan Tua Pallawa, Rante Pallawa, Pekuburan Bat",,,,,,,,,
10/007/2010,106/006/2011,11/007/2010,11/204/2009,12/007/2010,13/007/05,13/007/2010,133/001/2012,134/001/2012,139/101/2012,141/204/2012,143/001/2012,,,,,,,,,
"Penetapan Makam Nani Wartabone, Makam Raja Blongkod, Kantor  Pelni, dan Kantor Pos Kota Gorontalo yang Berlokasi di Wilayah Provinsi Gorontalo sebagai Benda Cagar Budaya, Situs, atau Kawasan Cagar Budaya yang DIlindungi Undang-undang Republik Indonesia",Sistem Manajemen Pengamanan Hotel,"Penetapan benteng Nieuw Zeelandia/Benteng Haruku, Benteng Hoorn/Pelauw, Benteng Kapahaha, Benteng Haarlem/Van Der Capellen yang Berlokasi di Wilayah Provinsi Maluku sebagai Benda Cagar Budaya, Situs, atau Kawasan Cagar Budaya yang dilindungi Undang-undang",Perubahan atas Peraturan Menteri Kebudayaan dan Pariwisata Nomor : 55/204/2008 tentang Pemanfaatan Jasa Teknik Film dalam Negeri dalam Kegiatan Pembuatan dan Penggandaan Film Nasional serta Penggandaan Film Impor,"Penetapan Benteng Barneveld yang berlokasi di Wilayah Provinsi Maluku Utara sebagai Benda Cagar Budaya, Situs, atau Kawasan Cagar Budaya yang dilindungi Undang-undang Republik Indonesia Nomor 5 Tahun 1992 tentang Benda Cagar Budaya","Penetapan Gedung, Gereja, Rumah Kediaman, Museum, Rumah Sakit, Lapangan dan Monumen, Masjid, Makam, Menara Syahbandar, dan Stasiun Kereta Api yang Berlokasi di Wilayah Propinsi Daerah Khusus Ibukota Jakarta sebagai Benda Cagar Budaya, Situs, atau Kawasan","Penetapan Rumah Sakit Bakti Timah Pangkalpinang, Wisma Timah I, Museum Timah, Rumah Residen, Menara Air Minum, Taman Sari (Wilhelmina Park), Gereja GPIB Maranatha Pangkalpinang, Masjid Jamik, Gereja Kathedral Santo Yoseph, E Kantor Pusat PN. Timah, Wism",Pedoman Pelaanaan Tata Naskah Dinas di Lingkungan Kementerian Pariwisata dan Ekonomi Kreatif,Jadwal Retensi Arsip Fasilitatif Non Keuangan dan Non Kepegawaian di Lingkungan Kementerian Pariwisata dan Ekonomi Kreatif,Tata Cara Pelaanaan Pengamanan dan Ketertiban di Lingkungan Kementerian Pariwisata dan Ekonomi Kreatif,Perubahan Keempat atas Peraturan Menteri Kebudayaan dan Parwisata Nomor 55/204/2008 tentang Pemanfaatan Jasa Teknik Film Dalam Negeri Dalam Kegiatan Pembuatan dan Penggandaan Film Nasional Serta Penggandaan Film Impor,Penatausahaan Keuangan di Lingkungan Kementerian Pariwisata dan Ekonomi Kreatif,,,,,,,,,
144/001/2012,145/201/2012,18/001/2009,19/001/2010,19/007/2007,19/101/2009,2/001/2011,20/001/2012,20/007/2007,21/007/2007,22/007/2007,23/007/2007,,,,,,,,,
Pedoman Penyusunan Standar Operasional Prosedur di Lingkungan Kementerian Pariwisata dan Ekonomi Kreatif,Pedoman Penyusunan Kerangka Acuan Kerja di Lingkungan Kementerian Pariwisata dan Ekonomi Kreatif,"Pedoman Penggunaan Jasa dan Produk Usaha Mikro Kecil Menengah dalam Kegiatan Pertemuan, Perjalanan Insentif, Konferensi dan Pameran",Penyesuaian Nomenklatur Pada Keputusan Dan Peraturan Menteri Kebudayaan Dan Pariwisata,"Penetapan Situs dan Bangunan Tinggalan Sejarah dan Purbakala yang Berlokasi di Wilayah Provinsi Nusa Tenggara Barat sebagai Benda Cagar Budaya, Situs, atau Kawasan Cagar Budaya yang dilindungi Undang-Undang Republik Indonesia Nomor 5 Tahun 1992 tentang Be",Pengamanan Obyek Vital Nasional di Bidang Kebudayaan dan Pariwisata,"Perubahan atas Peraturan Menteri Kebudayaan dan Pariwisata Nomor 69/001/2011 tentang Tata Kerja, Persyaratan, serta Tata Cara Pengangkatan dan Pemberhentian Unsur Penentu Kebijakan Badan Promosi Pariwisata Indonesia",Penyesuaian Nomenklatur pada Peraturan Menteri Kebudayaan dan Pariwisata,"Penetapan Situs dan Bangunan Tinggalan Sejarah dan Purbakala yang Berlokasi di Wilayah Provinsi Maluku Utara sebagai Benda Cagar Budaya, Situs, atau Kawasan Cagar Budaya yang dilindungi Undang-Undang Republik Indonesia Nomor 5 Tahun 1992 tentang Benda Cag","Penetapan Situs dan Bangunan Tinggalan Sejarah dan Purbakala yang Berlokasi di Wilayah Provinsi Papua sebagai Benda Cagar Budaya, Situs, atau Kawasan Cagar Budaya yang dilindungi Undang-Undang Republik Indonesia Nomor 5 Tahun 1992 tentang Benda Cagar Buda","Penetapan Situs dan Bangunan Tinggalan Sejarah dan Purbakala yang berlokasi di Wilayah Provinsi Sulawesi Utara sebagai Benda Cagar Budaya, Situs, atau Kawasan Cagar Budaya yang dilindungi Undang-Undang Republik Indonesia Nomor 5 Tahun 1992 tentang Benda C","Penetapan Situs dan Bangunan Tinggalan Sejarah dan Purbakala yang Berlokasi di Wilayah Kota Surabaya, Provinsi Jawa Timur sebagai Benda Cagar Budaya, Situs atau Kawasan Cagar Budaya yang dilindungi Undang-Undang Republik Indonesia Nomor 5 Tahun 1992 tenta",,,,,,,,,
24/007/2007,25/007/2007,26/007/2007,26/001/2010,27/001/2011,27/204/2010,27/001/2012,30/201/2010,31/001/05,34/001/2008,35/001/2012,36/001/2008,,,,,,,,,
"Penetapan Situs dan Bangunan Tinggalan Sejarah dan Purbakala yang Berlokasi di Wilayah Provinsi Jawa Tengah sebagai Benda Cagar Budaya, Situs atau Kawasan Cagar Budaya yang dilindungi Undang-Undang Republik Indonesia Nomor 5 Tahun 1992 tentang Benda Cagar","Penetapan Situs dan Bangunan Tinggalan Sejarah dan Purbakala yang Berlokasi di Wilayah Provinsi Daerah Istimewa Jogyakarta sebagai Benda Cagar Budaya, Situs atau Kawasan Cagar Budaya yang dilindungi Undang-Undang Republik Indonesia Nomor 5 Tahun 1992 tent","Penetapan Situs dan Bangunan Tinggalan Sejarah dan Purbakala yang Berlokasi di Wilayah Kota Bogor, Provinsi Jawa Barat sebagai Benda Cagar Budaya, Situs atau Kawasan Cagar Budaya yang dilindungi Undang-Undang Republik Indonesia Nomor 5 Tahun 1992 tentang",Pedoman Umum Program Nasional Pemberdayaan Masyarakat (PNPM) Mandiri Pariwisata Melalui Desa Wisata,Organisasi dan Tata Kerja Kementerian Kebudayaan dan Pariwisata,Perubahan Kedua atas Peraturan Menteri Kebudayaan dan Pariwisata Nomor : 55/204/2008 tentang Pemanfaatan Jasa Teknik Film Dalam Negeri Dalam Kegiatan Pembuatan dan Penggandaan Film Nasional serta Penggandaan Film Impor,Pelaanaan Kegiatan Dekonsentrasi dan Tugas Pembantuan pada Kementerian Pariwisata dan Ekonomi Kreatif,Pedoman Pencegahan Eploitasi Seual Anak di Lingkungan Pariwisata,Tata Kerja Lembaga Sensor Film dan Tata Laana Penyensoran,Pengamanan Objek Vital Nasional di Bidang Kebudayaan dan Pariwisata,Rencana Strategis Kementerian Pariwisata dan Ekonomi Kreatif Tahun 2012 - 2014,Statuta Sekolah Tinggi Pariwisata Nusa Dua Bali,,,,,,,,,
37/001/2008,37/001/2007,37/001/2012,42/001/2006,43/001/2006,45/001/2009,46/001/2009,47/001/2008,47/001/2009,48/001/2009,49/202/2008,49/001/2009,,,,,,,,,
Statuta Sekolah Tinggi Pariwisata Bandung,Kriteria dan Penetapan Destinasi Pariwisata Unggulan,Pedoman Pelaanaan Kegiatan Badan Promosi Pariwisata Indonesia,Organisasi dan Tata Kerja Akademi Pariwisata di Makassar,Organisasi dan Tata Keja Akademi Pariwisata di Medan,Pedoman Permuseuaman,Pedoman Penulisan Sejarah Lokal,Penetapan Indikator Kinerja Utama di Lingkungan Departemen Kebudayaan dan Pariwisata,Pedoman Pemetaan Sejarah,Pedoman Pelaanaan Pengelolaan Peninggalan Bawah Air,Petunjuk Pelaanaan Penatausahaan Keuangan di Lingkungan Departemen Kebudayaan dan Pariwisata,Pedoman Pelestarian Benda Cagar Budaya dan Situs,,,,,,,,,
51/001/2007,53/001/2013,54/007/2010,55/001/2012,55/204/2008,56/007/2010,57/007/2010,58/007/2010,59/501/2009,59/007/2010,63/001/2009,63/001/2013,,,,,,,,,
Pedoman Pelaanaan Tata Naskah Dinas di Lingkungan Departemen Kebudayaan dan Pariwisata,Standar Usaha Hotel,"Penetapan Menhir Bukit Domo II, Menhir Ronah II, Menhir Ronah I, Rumah Adat Padang (Ranah Binuang), Museum Bank Indonesia Padang, Gudang  Panja Niaga (Geo Wehry), E Beuti Hotel, Balai Kota Padang, Masjid Raya Ganting, Rumah Gadang Engku Lareh Pani",Indikator Kinerja Utama di Lingkungan Kementerian Pariwisata dan Ekonomi Kreatif,Pemanfaatan Jasa Teknik Film Dalam Negeri Dalam Kegiatan Pembuatan dan Penggandaan Film Nasional serta Penggandaan Film Impor,"Penetapan Lapangan Golf Aad Yani Surabaya, Petirtaan Songgoriti, Stupa Sumberawan, Petirtaan Watugede, Komple Makam Maulana Malik Ibrahim, Komple Makam Sunan Giri, Komple Makam Sunan Prapen, Komple Makam Leran, Makam Sunan Drajat, Makam Sendang","Penetapan Komple Makam Bayat, Masjid dan Makam Majasem, Kelenteng Tay Kak Sie, PG. Gondang Baru, Komple RSUD RAA. Soewondo Pati, Museum Kereta Api Ambarawa, Candi Lawang, Masjid Loano, Gereja Kyai Sadrah, Rumah Sakit Jiwa prof. Dr. Soeroyo, Lawang Sew","Penetapan Gedung Keresidenan Cirebon, Gedung Balaikota Cirebon, Rumah Dinas Bupati Cirebon, Menara Air Perujakan, Gedung SMP Negeri I Cirebon, Gedung SMP Negeri 14 Cirebon, Gedung SD Negeri I, II, III, IV Kebon Baru Utara, Kantor  Pos Indonesia Cirebon",Pendelegasian Wewenang Pemberian Izin Usaha di Bidang Kebudayaan dan Pariwisata dalam Rangka Penanaman Modal kepada Kepala Badan Koordinasi Penanaman Modal,"Penetapan Benteng Ujung Pandang/Fort Rotterdam, Gereja Immanuel, Museum Kota Makassar, Kantor Pengadilan Negeri Masar (Raad Van Justitia), Rumah Sakit Stella Maris, Dewan Kesenian Makassar (Societeit de Harmonie), Gereja katedral, Rumah Jabatan Gubernur",Pedoman Pelaanaan Tata Kearsipan di Lingkungan Departemen Kebudayaan dan Pariwisata,Pengelolaan Informasi dan Dokumentasi di Lingkungan Kementerian Pariwisata dan Ekonomi Kreatif,,,,,,,,,
64/201/2013,64/001/2009,66/204/2013,67/001/2011,69/001/2010,70/001/2013,73/403/2013,83/201/2011,85/501/2010,86/501/2010,87/501/2010,88/501/2010,,,,,,,,,
Perubahan atas Peraturan Menteri Pariwisata dan Ekonomi Kreatif Nomor 01/201/2013 tentang Tata Cara Pembentukan Peraturan Perundang-Undangan di Lingkungan Kementerian Pariwisata dan Ekonomi Kreatif,Pedoman Penanganan Tinggalan Purbakala Pasca Bencana,Perubahan Kelima atas Peraturan Menteri Kebudayaan dan Pariwisata Nomor 55/204/2008 tentang Pemenfaatan Jasa Teknik Film dalam Negeri dalam Kegiatan Pembuatan dan Penggandaan Film Nasional serta Penggandaan Film Impor,Pengelolaan Informasi dan Dokumentasi di Lingkungan Kementerian Kebudayaan dan Pariwisata,"Tata Kerja, Persyaratan, Serta Tata Cara Pengangkatan dan Pemberhentian Unsur Penentu Kebijakan Badan Promosi Pariwisata Indonesia",Pelaanaan Kegiatan Dekonsentrasi dan Tugas Pembantuan pada Kementerian Pariwisata dan Ekonomi Kreatif,Pelaanaan Pemberian Tunjangan Kinerja Bagi Pegawai di Lingkungan Kementerian Pariwisata dan Ekonomi Kreatif,Jaringan Dokumentasi dan Informasi Hukum di Lingkungan Kementerian Kebudayaan dan Pariwisata,Tata Cara Pendaftaran Usaha Jasa Perjalanan Wisata,Tata Cara Pendaftaran Usaha Penyediaan Akomodasi,Tata Cara Pendaftaran Usaha Jasa Makanan dan Minuman,Tata Cara Pendaftaran Usaha Kawasan Pariwisata,,,,,,,,,
89/501/2010,90/501/2010,91/501/2010,92/501/2010,93/501/2010,94/501/2010,95/501/2010,96/501/2010,97/501/2010,16/001/2009,142/00/2019,147/00/2019,15/001/2018,18/201/2018,265/001/2004,314/3/5/2019,6/001/2018,7/603/01,001/1/3/2015,001/21/2/2015,Undang-Undang Dasar 1945
Tata Cara Pendaftaran Usaha Jasa Transportasi Wisata,Tata Cara Pendaftaran Usaha Daya Tarik Wisata,Tata Cara Pendaftaran Usaha Penyelenggaraan Kegiatan Hiburan dan Rekreasi,Tata Cara Pendaftaran Usaha Jasa Pramuwisata,"Tata Cara Pendaftaran Usaha Jasa Penyelenggaraan Pertemuan, Perjalanan Insentif, Konferensi dan Pameran",Tata Cara Pendaftaran Usaha Jasa Konsultan Pariwisata,Tata Cara Pendaftaran Usaha Jasa Informasi Pariwisata,Tata Cara Pendaftaran Usaha Wisata Tirta,Tata Cara Pendaftaran Usaha Spa,Gerakan Penanaman Satu Orang Satu Pohon (One Man One Tree),Daftar Informasi Publik Yang Wajib Disediakan dan Umumkan di Lingkungan Kementerian Pariwisata,Daftar Informasi Publik yang dikecualikan di Lingkungan Kementerian Pariwisata,Petunjuk Pelaanaan Penyelenggaraan Sistem Pengendalian Intern Pemerintah di Lingkungan Kementerian Pariwisata,Petunjuk Pelaanaan Penatausahaan dan Pertanggungjawaban Keuangan di Lingkungan Kementerian Pariwisata,Pembentukan Panitia Festival Nasional Seni Pertunjukan Tahun 2004 di Banda Aceh,"Pencabutan Keputusan Menteri Kehutanan Nomor 771/MENHUT-II/2013 Tanggal 6 November 2013 tentang Pemberian Izin Usaha Penyediaan Sarana Wisata Alam Pada Blok Pemanfaatan Taman Wisata Alam Tanjung Tempa Seluas 49,96 (Empat Puluh Sembilan dan Sembilan Puluh Enam Perseratus) Hektar, di Kabupaten Lombok Tengah, Provinsi Nus Tenggara Barat Kepada  Empat Naga Lombok",Petunjuk Pelaanaan Manajemen Risiko di Lingkungan Kementerian Pariwisata,Penunjukan/Penetapan Unit Akuntansi Wilayah (UAW) Koordinator Di Daerah,Logo Wonderful Indonesia dan/atau Pesona Indonesia,Pelaanaan Pengadaan Barang/Jasa Secara Elektronik Di Kementerian Pariwisata,Undang-Undang Dasar 1945
